{
  "lang":"en",
  "name":"pipeline",
  "version":"0.0.0",
  "spacy_version":">=3.5.1,<3.6.0",
  "description":"",
  "author":"",
  "email":"",
  "url":"",
  "license":"",
  "spacy_git_version":"Unknown",
  "vectors":{
    "width":0,
    "vectors":0,
    "keys":0,
    "name":null,
    "mode":"default"
  },
  "labels":{
    "transformer":[

    ],
    "textcat_multilabel":[
      "php",
      "jquery",
      "iphone",
      "android",
      "css",
      "node.js",
      "python",
      "html",
      "c",
      "c++",
      "objective-c",
      "java",
      "c#",
      "ios",
      "javascript",
      ".net"
    ]
  },
  "pipeline":[
    "transformer",
    "textcat_multilabel"
  ],
  "components":[
    "transformer",
    "textcat_multilabel"
  ],
  "disabled":[

  ],
  "performance":{
    "cats_score":0.9447230534,
    "cats_score_desc":"macro AUC",
    "cats_micro_p":0.734404242,
    "cats_micro_r":0.6280341424,
    "cats_micro_f":0.6770668584,
    "cats_macro_p":0.7484558843,
    "cats_macro_r":0.6201411217,
    "cats_macro_f":0.6726716225,
    "cats_macro_auc":0.9447230534,
    "cats_f_per_type":{
      "php":{
        "p":0.8705357143,
        "r":0.540166205,
        "f":0.6666666667
      },
      "jquery":{
        "p":0.6320754717,
        "r":0.5583333333,
        "f":0.592920354
      },
      "iphone":{
        "p":0.5375494071,
        "r":0.4444444444,
        "f":0.4865831843
      },
      "android":{
        "p":0.8969957082,
        "r":0.5358974359,
        "f":0.6709470305
      },
      "css":{
        "p":0.8005249344,
        "r":0.6916099773,
        "f":0.7420924574
      },
      "node.js":{
        "p":0.807073955,
        "r":0.6570680628,
        "f":0.7243867244
      },
      "python":{
        "p":0.9278996865,
        "r":0.691588785,
        "f":0.7925033467
      },
      "html":{
        "p":0.6561922366,
        "r":0.6131260794,
        "f":0.6339285714
      },
      "c":{
        "p":0.7603833866,
        "r":0.6666666667,
        "f":0.7104477612
      },
      "c++":{
        "p":0.8316151203,
        "r":0.5389755011,
        "f":0.6540540541
      },
      "objective-c":{
        "p":0.6563146998,
        "r":0.7925,
        "f":0.718006795
      },
      "java":{
        "p":0.7533783784,
        "r":0.538647343,
        "f":0.6281690141
      },
      "c#":{
        "p":0.8016194332,
        "r":0.6666666667,
        "f":0.7279411765
      },
      "ios":{
        "p":0.776293823,
        "r":0.766062603,
        "f":0.7711442786
      },
      "javascript":{
        "p":0.6803760282,
        "r":0.6369636964,
        "f":0.6579545455
      },
      ".net":{
        "p":0.5864661654,
        "r":0.5835411471,
        "f":0.585
      }
    },
    "transformer_loss":1.7744886668,
    "textcat_multilabel_loss":13.2276914118
  }
}