{
  "lang":"en",
  "name":"pipeline",
  "version":"0.0.0",
  "spacy_version":">=3.5.1,<3.6.0",
  "description":"",
  "author":"",
  "email":"",
  "url":"",
  "license":"",
  "spacy_git_version":"Unknown",
  "vectors":{
    "width":0,
    "vectors":0,
    "keys":0,
    "name":null,
    "mode":"default"
  },
  "labels":{
    "transformer":[

    ],
    "textcat_multilabel":[
      "php",
      "jquery",
      "iphone",
      "android",
      "css",
      "node.js",
      "python",
      "html",
      "c",
      "c++",
      "objective-c",
      "java",
      "c#",
      "ios",
      "javascript",
      ".net"
    ]
  },
  "pipeline":[
    "transformer",
    "textcat_multilabel"
  ],
  "components":[
    "transformer",
    "textcat_multilabel"
  ],
  "disabled":[

  ],
  "performance":{
    "cats_score":0.9678341047,
    "cats_score_desc":"macro AUC",
    "cats_micro_p":0.7641679547,
    "cats_micro_r":0.7223033845,
    "cats_micro_f":0.7426461384,
    "cats_macro_p":0.7757941915,
    "cats_macro_r":0.7186410917,
    "cats_macro_f":0.7438394442,
    "cats_macro_auc":0.9678341047,
    "cats_f_per_type":{
      "php":{
        "p":0.8875739645,
        "r":0.7352941176,
        "f":0.8042895442
      },
      "jquery":{
        "p":0.7756813417,
        "r":0.7535641548,
        "f":0.7644628099
      },
      "iphone":{
        "p":0.6658163265,
        "r":0.6112412178,
        "f":0.6373626374
      },
      "android":{
        "p":0.8959810875,
        "r":0.8366445916,
        "f":0.8652968037
      },
      "css":{
        "p":0.829787234,
        "r":0.8262711864,
        "f":0.8280254777
      },
      "node.js":{
        "p":0.8098958333,
        "r":0.762254902,
        "f":0.7853535354
      },
      "python":{
        "p":0.9224806202,
        "r":0.796875,
        "f":0.8550898204
      },
      "html":{
        "p":0.6742424242,
        "r":0.7247557003,
        "f":0.6985871272
      },
      "c":{
        "p":0.7784090909,
        "r":0.7326203209,
        "f":0.7548209366
      },
      "c++":{
        "p":0.772972973,
        "r":0.6072186837,
        "f":0.6801426873
      },
      "objective-c":{
        "p":0.6449438202,
        "r":0.649321267,
        "f":0.6471251409
      },
      "java":{
        "p":0.893557423,
        "r":0.6194174757,
        "f":0.7316513761
      },
      "c#":{
        "p":0.734241908,
        "r":0.7171381032,
        "f":0.7255892256
      },
      "ios":{
        "p":0.768558952,
        "r":0.7916041979,
        "f":0.7799113737
      },
      "javascript":{
        "p":0.7116504854,
        "r":0.7556701031,
        "f":0.733
      },
      ".net":{
        "p":0.6469135802,
        "r":0.5783664459,
        "f":0.6107226107
      }
    },
    "transformer_loss":1.6096711321,
    "textcat_multilabel_loss":20.2177283834
  }
}